CompanyName,NewName,Group
HIBBERT ENGINEERING SERVICES LIMITED,HIBBERT ENGINEERING SERVICES LIMITED,HIBBERT ENGINEERING SERVICES LIMITED
H E S LIMITED,H E S LIMITED,
H.E.S. LIMITED,HES LIMITED,
HIBBERT ENGINEERING SERVICES LTD,HIBBERT ENGINEERING SERVICES LIMITED,HIBBERT ENGINEERING SERVICES LIMITED
GYM AND LIFE LTD,GYM AND LIFE LIMITED,
GYM & LIFE LTD,GYM AND LIFE LIMITED,
GYM & LIFE LIMITED,GYM AND LIFE LIMITED,
GYM AND LIFE LTD,GYM AND LIFE LIMITED,
GYM AND LIFE LTD,GYM AND LIFE LIMITED,
GYM AND LIFE LTD,GYM AND LIFE LIMITED,
GYM AND LIFE LTD,GYM AND LIFE LIMITED,
HIBBERT ENGINEERING SERVICES LIMITED,HIBBERT ENGINEERING SERVICES LIMITED,HIBBERT ENGINEERING SERVICES LIMITED
HIBBERT ENGINEERING  LIMITED,HIBBERT ENGINEERING LIMITED,HIBBERT ENGINEERING SERVICES LIMITED
HIBBERT ENGINEERING SERVICES LIMITED,HIBBERT ENGINEERING SERVICES LIMITED,HIBBERT ENGINEERING SERVICES LIMITED
MOOREFIELD INVESTMENTS LIMITED,MOOREFIELD INVESTMENTS LIMITED,
MOOREFIELD (INVESTMENTS) LIMITED,MOOREFIELD INVESTMENTS LIMITED,
MF INVESTMENTS LTD,MF INVESTMENTS LIMITED,
MOOREFIELD LIMITED,MOOREFIELD LIMITED,
MOOREFIELD INVESTMENTS LIMITED,MOOREFIELD INVESTMENTS LIMITED,
MOOREFIELD INVESTMENTS LIMITED,MOOREFIELD INVESTMENTS LIMITED,
LEON RESTAURANTS LIMITED,LEON RESTAURANTS LIMITED,LEON RESTAURANTS LIMITED
LEON RESTAURANT LIMITED,LEON RESTAURANT LIMITED,LEON RESTAURANTS LIMITED
LEON RESTAURANT LIMITED,LEON RESTAURANT LIMITED,LEON RESTAURANTS LIMITED
LEON RESTAURANTS LTD,LEON RESTAURANTS LIMITED,LEON RESTAURANTS LIMITED
LEON RESTAURANTS LTD,LEON RESTAURANTS LIMITED,LEON RESTAURANTS LIMITED
LEON RESTAURANT LTD,LEON RESTAURANT LIMITED,LEON RESTAURANTS LIMITED
DEVON FUEL ASSOCIATES LTD,DEVON FUEL ASSOCIATES LIMITED,
DEVON FUEL ASSOCIATES LTD,DEVON FUEL ASSOCIATES LIMITED,
DEVON FUEL ASSOCIATES LIMITED,DEVON FUEL ASSOCIATES LIMITED,
DEVON FUEL ASSOCIATES LTD. T/A SERVICETECH SOUTH WEST PARTNERSHIP,SERVICETECH SOUTH WEST PARTNERSHIP,
DEVON FUEL ASSOCIATES LTD. T/A SERVICETECH SOUTH WEST PARTNERSHIP,SERVICETECH SOUTH WEST PARTNERSHIP,
DEVON FUEL ASSOCIATES LTD. TA SERVICETECH SOUTH WEST PARTNERSHIP,DEVON FUEL ASSOCIATES LIMITED TA SERVICETECH SOUTH WEST PARTNERSHIP,
DEVON FUEL ASSOCIATES LTD. TRADING AS SERVICETECH SOUTH WEST PARTNERSHIP,SERVICETECH SOUTH WEST PARTNERSHIP,
DEVON FUEL ASSOCIATES LTD. TRADING AS SERVICETECH SOUTH WEST PARTNERSHIP,SERVICETECH SOUTH WEST PARTNERSHIP,
DEVON FUEL ASSOCIATES LIMITED,DEVON FUEL ASSOCIATES LIMITED,
DEVON FUEL ASSOCIATE LTD. T/A SERVICETECH SOUTH WEST PARTNERSHIP,SERVICETECH SOUTH WEST PARTNERSHIP,
SERVICETECH SOUTH WEST PARTNERSHIP,SERVICETECH SOUTH WEST PARTNERSHIP,
SERVICETECH SOUTH WEST PARTNERSHIP,SERVICETECH SOUTH WEST PARTNERSHIP,
SERVICETECH SOUTH WEST PARTNERSHIP,SERVICETECH SOUTH WEST PARTNERSHIP,
D.F.A LTD. T/A SERVICETECH SOUTH WEST PARTNERSHIP,SERVICETECH SOUTH WEST PARTNERSHIP,
D.F ASSOCIATES LTD. T/A SERVICETECH SOUTH WEST PARTNERSHIP,SERVICETECH SOUTH WEST PARTNERSHIP,
D.F.A LIMITED,DFA LIMITED,
INFINITE TRADE LTD,INFINITE TRADE LIMITED,
INFINITE TRADE LTD,INFINITE TRADE LIMITED,
EPIC STAFF LTD,EPIC STAFF LIMITED,EPIC STAFF LIMITED
EPIC STAFFS LTD,EPIC STAFFS LIMITED,EPIC STAFF LIMITED
EPIC STAFF LTD,EPIC STAFF LIMITED,EPIC STAFF LIMITED
EPIC STAFF LTD,EPIC STAFF LIMITED,EPIC STAFF LIMITED
EPIC STAFFS LIMITED,EPIC STAFFS LIMITED,EPIC STAFF LIMITED
THE CANNED WATER COMPANY LTD,THE CANNED WATER COMPANY LIMITED,THE CANNED WATER COMPANY LIMITED
THE CANNED WATER COMPANY LTD,THE CANNED WATER COMPANY LIMITED,THE CANNED WATER COMPANY LIMITED
CANNED WATER COMPANY LTD,CANNED WATER COMPANY LIMITED,THE CANNED WATER COMPANY LIMITED
FINLAY'S FRIENDS,FINLAYS FRIENDS,
FINLAY'S FRIENDS,FINLAYS FRIENDS,
FINLAYS FRIENDS,FINLAYS FRIENDS,
FINLAYS FRIENDS,FINLAYS FRIENDS,
DW RECORDS LIMITED,DW RECORDS LIMITED,DW RECORDS LIMITED
DW RECORD LIMITED,DW RECORD LIMITED,DW RECORDS LIMITED
DW RECORDS LIMITED,DW RECORDS LIMITED,DW RECORDS LIMITED
DWR LIMITED,DWR LIMITED,
D.W.R LIMITED,DWR LIMITED,
JMD FORESTRY LIMITED,JMD FORESTRY LIMITED,
JMD FORESTRY LIMITED,JMD FORESTRY LIMITED,
JAMES MID DOME FIRE LIMITED,JAMES MID DOME FIRE LIMITED,JAMES MID DOME FIRE LIMITED
JAMES M DOME FIRE LIMITED,JAMES M DOME FIRE LIMITED,JAMES MID DOME FIRE LIMITED
JAMES MD FIRE LIMITED,JAMES MD FIRE LIMITED,JAMES MID DOME FIRE LIMITED
JAMES M D FIRE LIMITED,JAMES M D FIRE LIMITED,JAMES MID DOME FIRE LIMITED
"SHTG TESTING MACHINE CO., LTD",SHTG TESTING MACHINE CO LIMITED,SHTG TESTING MACHINE CO LIMITED
"SHTG TESTING MACHINE CO., LTD",SHTG TESTING MACHINE CO LIMITED,SHTG TESTING MACHINE CO LIMITED
"SHTG TEST MACHINE CO., LTD",SHTG TEST MACHINE CO LIMITED,SHTG TESTING MACHINE CO LIMITED
FORMULA E TEAMS AND MANUFACTURERS LIMITED,FORMULA E TEAMS AND MANUFACTURERS LIMITED,FORMULA E TEAMS AND MANUFACTURERS LIMITED
FORMULA E TEAMS AND MANUFACTURERS LIMITED,FORMULA E TEAMS AND MANUFACTURERS LIMITED,FORMULA E TEAMS AND MANUFACTURERS LIMITED
FORMULA E TEAMS AND MANUFACTURER LIMITED,FORMULA E TEAMS AND MANUFACTURER LIMITED,FORMULA E TEAMS AND MANUFACTURERS LIMITED
FORMULA E TEAM AND MANUFACTURERS LIMITED,FORMULA E TEAM AND MANUFACTURERS LIMITED,FORMULA E TEAMS AND MANUFACTURERS LIMITED
FORMULA E TEAM AND MANUFACTURERS LTD,FORMULA E TEAM AND MANUFACTURERS LIMITED,FORMULA E TEAMS AND MANUFACTURERS LIMITED
FORMULA E TEAMS AND MANUFACTURERS LIMITED,FORMULA E TEAMS AND MANUFACTURERS LIMITED,FORMULA E TEAMS AND MANUFACTURERS LIMITED
FORMULA E TEAMS AND MANUFACTURERS LIMITED,FORMULA E TEAMS AND MANUFACTURERS LIMITED,FORMULA E TEAMS AND MANUFACTURERS LIMITED
FORMULA E TEAMS AND MANUFACTURERS LIMITED,FORMULA E TEAMS AND MANUFACTURERS LIMITED,FORMULA E TEAMS AND MANUFACTURERS LIMITED
"H.G. PORTER & COMPANY, LIMITED",HG PORTER AND COMPANY LIMITED,
"H.G. PORTER & COMPANY, LIMITED",HG PORTER AND COMPANY LIMITED,
"H.G. PORTER & COMPANY, LIMITED",HG PORTER AND COMPANY LIMITED,
"H.G. PORTER & COMPANY, LIMITED",HG PORTER AND COMPANY LIMITED,
"H.G. PORTER & COMPANY, LIMITED",HG PORTER AND COMPANY LIMITED,
"H.G. PORTER & COMPANY, LIMITED",HG PORTER AND COMPANY LIMITED,
"H.G. PORTER & COMPANY, LIMITED",HG PORTER AND COMPANY LIMITED,
"H.G.P & COMPANY, LIMITED",HGP AND COMPANY LIMITED,
"H.G.P & COMPANY, LIMITED",HGP AND COMPANY LIMITED,
"H.G. PORTER & COMPANY, LIMITED",HG PORTER AND COMPANY LIMITED,
"H.G. PORTER AND COMPANY, LIMITED",HG PORTER AND COMPANY LIMITED,
D L R METALS & WASTE LTD,D L R METALS AND WASTE LIMITED,D L R METALS AND WASTE LIMITED
D L R METAL & WASTE LTD,D L R METAL AND WASTE LIMITED,D L R METALS AND WASTE LIMITED
D L R METALS AND WASTE LTD,D L R METALS AND WASTE LIMITED,D L R METALS AND WASTE LIMITED
D L R METAL & WASTE LTD,D L R METAL AND WASTE LIMITED,D L R METALS AND WASTE LIMITED
DLR METALS & WASTE LTD,DLR METALS AND WASTE LIMITED,D L R METALS AND WASTE LIMITED
D L R METALS &WASTE LTD,D L R METALS AND WASTE LIMITED,D L R METALS AND WASTE LIMITED
D L R METALS & WASTE LTD,D L R METALS AND WASTE LIMITED,D L R METALS AND WASTE LIMITED
D L R METALS & WASTE LTD,D L R METALS AND WASTE LIMITED,D L R METALS AND WASTE LIMITED
D L R METALS & WASTE LTD,D L R METALS AND WASTE LIMITED,D L R METALS AND WASTE LIMITED
TEMIS & CO (LONDON) LIMITED,TEMIS AND CO LONDON LIMITED,
TEMIS & CO LONDON LIMITED,TEMIS AND CO LONDON LIMITED,
TEMIS AND CO LONDON LIMITED,TEMIS AND CO LONDON LIMITED,
TEMIS AND CO (LONDON) LIMITED,TEMIS AND CO LONDON LIMITED,
TEMIS & CO (LONDON) LIMITED,TEMIS AND CO LONDON LIMITED,
TEMIS & CO (LONDON) LIMITED,TEMIS AND CO LONDON LIMITED,
GLOBAL EXECUTIVE TRAINING CENTRE (GETC)-LONDON LTD,GLOBAL EXECUTIVE TRAINING CENTRE GETC LONDON LIMITED,GLOBAL EXECUTIVE TRAINING CENTRE GETC LONDON LIMITED
GLOBAL EXECUTIVE TRAINING CENTRE LTD,GLOBAL EXECUTIVE TRAINING CENTRE LIMITED,GLOBAL EXECUTIVE TRAINING CENTRE GETC LONDON LIMITED
GLOBAL EXECUTIVE TRAINING CENTRE (GETC)-LONDON LTD,GLOBAL EXECUTIVE TRAINING CENTRE GETC LONDON LIMITED,GLOBAL EXECUTIVE TRAINING CENTRE GETC LONDON LIMITED
GLOBAL EXECUTIVE TRAINING CENTRE (GETC)-LONDON LTD,GLOBAL EXECUTIVE TRAINING CENTRE GETC LONDON LIMITED,GLOBAL EXECUTIVE TRAINING CENTRE GETC LONDON LIMITED
GETC-LONDON LTD,GETC LONDON LIMITED,
GLOBAL EXECUTIVE TRAINING CENTRE LTD,GLOBAL EXECUTIVE TRAINING CENTRE LIMITED,GLOBAL EXECUTIVE TRAINING CENTRE GETC LONDON LIMITED
GETC LTD,GETC LIMITED,
GLOBAL EXECUTIVE TRAINING CENTRE-LONDON LTD,GLOBAL EXECUTIVE TRAINING CENTRE LONDON LIMITED,GLOBAL EXECUTIVE TRAINING CENTRE GETC LONDON LIMITED
WARSLOW ASSOCIATES T/A THE GREYHOUND INN LLP,THE GREYHOUND INN LLP,THE GREYHOUND INN LLP
THE GREYHOUND INN LLP,THE GREYHOUND INN LLP,THE GREYHOUND INN LLP
THE GREYHOUND INN LLP,THE GREYHOUND INN LLP,THE GREYHOUND INN LLP
THE GREYHOUND INN LLP,THE GREYHOUND INN LLP,THE GREYHOUND INN LLP
THE GREYHOUND INN LLP,THE GREYHOUND INN LLP,THE GREYHOUND INN LLP
THE GREYHOUND INN,THE GREYHOUND INN,THE GREYHOUND INN LLP
WARSLOW ASSOCIATES TRADING AS THE GREYHOUND INN LLP,THE GREYHOUND INN LLP,THE GREYHOUND INN LLP
